date,fuel_type,pump_price,duty_rate,vat_rate
2003-06-09,diesel,76.77,45.82,17.5
2003-06-09,petrol,74.59,45.82,17.5
2003-06-16,diesel,76.69,45.82,17.5
2003-06-16,petrol,74.47,45.82,17.5
2003-06-23,diesel,76.62,45.82,17.5
2003-06-23,petrol,74.42,45.82,17.5
2003-06-30,diesel,76.51,45.82,17.5
2003-06-30,petrol,74.35,45.82,17.5
2003-07-07,diesel,76.46,45.82,17.5
2003-07-07,petrol,74.28,45.82,17.5
2003-07-14,diesel,76.41,45.82,17.5
2003-07-14,petrol,74.21,45.82,17.5
2003-07-21,diesel,76.9,45.82,17.5
2003-07-21,petrol,75.07,45.82,17.5
2003-07-28,diesel,76.86,45.82,17.5
2003-07-28,petrol,75.1,45.82,17.5
2003-08-04,diesel,76.81,45.82,17.5
2003-08-04,petrol,75.12,45.82,17.5
2003-08-11,diesel,77.08,45.82,17.5
2003-08-11,petrol,75.44,45.82,17.5
2003-08-18,diesel,77.44,45.82,17.5
2003-08-18,petrol,75.81,45.82,17.5
2003-08-26,diesel,77.68,45.82,17.5
2003-08-26,petrol,76.05,45.82,17.5
2003-09-01,diesel,77.59,45.82,17.5
2003-09-01,petrol,76.13,45.82,17.5
2003-09-08,diesel,77.67,45.82,17.5
2003-09-08,petrol,76.23,45.82,17.5
2003-09-15,diesel,77.63,45.82,17.5
2003-09-15,petrol,76.2,45.82,17.5
2003-09-22,diesel,77.55,45.82,17.5
2003-09-22,petrol,76.15,45.82,17.5
2003-09-29,diesel,77.53,45.82,17.5
2003-09-29,petrol,76.08,45.82,17.5
2003-10-06,diesel,77.66,47.1,17.5
2003-10-06,petrol,76.43,47.1,17.5
2003-10-13,diesel,77.43,47.1,17.5
2003-10-13,petrol,75.9,47.1,17.5
2003-10-20,diesel,77.54,47.1,17.5
2003-10-20,petrol,76.05,47.1,17.5
2003-10-27,diesel,77.51,47.1,17.5
2003-10-27,petrol,76.0,47.1,17.5
2003-11-03,diesel,77.52,47.1,17.5
2003-11-03,petrol,76.0,47.1,17.5
2003-11-10,diesel,77.47,47.1,17.5
2003-11-10,petrol,75.94,47.1,17.5
2003-11-17,diesel,77.52,47.1,17.5
2003-11-17,petrol,75.93,47.1,17.5
2003-11-24,diesel,77.67,47.1,17.5
2003-11-24,petrol,76.02,47.1,17.5
2003-12-01,diesel,77.66,47.1,17.5
2003-12-01,petrol,76.0,47.1,17.5
2003-12-08,diesel,77.63,47.1,17.5
2003-12-08,petrol,75.97,47.1,17.5
2003-12-15,diesel,77.62,47.1,17.5
2003-12-15,petrol,75.96,47.1,17.5
2003-12-22,diesel,77.61,47.1,17.5
2003-12-22,petrol,75.92,47.1,17.5
2003-12-29,diesel,77.6,47.1,17.5
2003-12-29,petrol,75.94,47.1,17.5
2004-01-05,diesel,77.54,47.1,17.5
2004-01-05,petrol,75.88,47.1,17.5
2004-01-12,diesel,77.54,47.1,17.5
2004-01-12,petrol,75.9,47.1,17.5
2004-01-19,diesel,78.06,47.1,17.5
2004-01-19,petrol,76.36,47.1,17.5
2004-01-26,diesel,78.08,47.1,17.5
2004-01-26,petrol,76.44,47.1,17.5
2004-02-02,diesel,78.13,47.1,17.5
2004-02-02,petrol,76.48,47.1,17.5
2004-02-09,diesel,77.98,47.1,17.5
2004-02-09,petrol,76.5,47.1,17.5
2004-02-16,diesel,78.0,47.1,17.5
2004-02-16,petrol,76.44,47.1,17.5
2004-02-23,diesel,77.93,47.1,17.5
2004-02-23,petrol,76.38,47.1,17.5
2004-03-01,diesel,77.87,47.1,17.5
2004-03-01,petrol,76.32,47.1,17.5
2004-03-08,diesel,78.25,47.1,17.5
2004-03-08,petrol,76.73,47.1,17.5
2004-03-15,diesel,78.8,47.1,17.5
2004-03-15,petrol,77.39,47.1,17.5
2004-03-22,diesel,78.92,47.1,17.5
2004-03-22,petrol,77.44,47.1,17.5
2004-03-29,diesel,79.01,47.1,17.5
2004-03-29,petrol,77.59,47.1,17.5
2004-04-05,diesel,79.23,47.1,17.5
2004-04-05,petrol,77.86,47.1,17.5
2004-04-12,diesel,79.27,47.1,17.5
2004-04-12,petrol,77.88,47.1,17.5
2004-04-19,diesel,79.43,47.1,17.5
2004-04-19,petrol,78.04,47.1,17.5
2004-04-26,diesel,79.75,47.1,17.5
2004-04-26,petrol,78.4,47.1,17.5
2004-05-04,diesel,80.64,47.1,17.5
2004-05-04,petrol,79.28,47.1,17.5
2004-05-10,diesel,81.68,47.1,17.5
2004-05-10,petrol,80.3,47.1,17.5
2004-05-17,diesel,82.83,47.1,17.5
2004-05-17,petrol,81.49,47.1,17.5
2004-05-24,diesel,83.48,47.1,17.5
2004-05-24,petrol,82.13,47.1,17.5
2004-05-31,diesel,83.61,47.1,17.5
2004-05-31,petrol,82.35,47.1,17.5
2004-06-07,diesel,83.65,47.1,17.5
2004-06-07,petrol,82.44,47.1,17.5
2004-06-14,diesel,82.6,47.1,17.5
2004-06-14,petrol,81.54,47.1,17.5
2004-06-21,diesel,82.09,47.1,17.5
2004-06-21,petrol,81.04,47.1,17.5
2004-06-28,diesel,81.04,47.1,17.5
2004-06-28,petrol,80.41,47.1,17.5
2004-07-05,diesel,80.51,47.1,17.5
2004-07-05,petrol,79.87,47.1,17.5
2004-07-12,diesel,81.05,47.1,17.5
2004-07-12,petrol,80.34,47.1,17.5
2004-07-19,diesel,81.68,47.1,17.5
2004-07-19,petrol,80.84,47.1,17.5
2004-07-26,diesel,81.7,47.1,17.5
2004-07-26,petrol,80.87,47.1,17.5
2004-08-02,diesel,81.79,47.1,17.5
2004-08-02,petrol,80.86,47.1,17.5
2004-08-09,diesel,82.14,47.1,17.5
2004-08-09,petrol,81.18,47.1,17.5
2004-08-16,diesel,82.33,47.1,17.5
2004-08-16,petrol,81.25,47.1,17.5
2004-08-23,diesel,82.82,47.1,17.5
2004-08-23,petrol,81.51,47.1,17.5
2004-08-31,diesel,82.89,47.1,17.5
2004-08-31,petrol,81.53,47.1,17.5
2004-09-06,diesel,82.92,47.1,17.5
2004-09-06,petrol,81.37,47.1,17.5
2004-09-13,diesel,82.91,47.1,17.5
2004-09-13,petrol,81.31,47.1,17.5
2004-09-20,diesel,83.03,47.1,17.5
2004-09-20,petrol,81.28,47.1,17.5
2004-09-27,diesel,83.46,47.1,17.5
2004-09-27,petrol,81.63,47.1,17.5
2004-10-04,diesel,83.84,47.1,17.5
2004-10-04,petrol,82.05,47.1,17.5
2004-10-11,diesel,85.01,47.1,17.5
2004-10-11,petrol,83.11,47.1,17.5
2004-10-18,diesel,85.34,47.1,17.5
2004-10-18,petrol,83.35,47.1,17.5
2004-10-25,diesel,86.03,47.1,17.5
2004-10-25,petrol,83.94,47.1,17.5
2004-11-01,diesel,86.42,47.1,17.5
2004-11-01,petrol,84.27,47.1,17.5
2004-11-08,diesel,86.54,47.1,17.5
2004-11-08,petrol,84.34,47.1,17.5
2004-11-15,diesel,86.42,47.1,17.5
2004-11-15,petrol,84.26,47.1,17.5
2004-11-22,diesel,85.17,47.1,17.5
2004-11-22,petrol,81.46,47.1,17.5
2004-11-29,diesel,86.36,47.1,17.5
2004-11-29,petrol,84.17,47.1,17.5
2004-12-06,diesel,86.4,47.1,17.5
2004-12-06,petrol,84.06,47.1,17.5
2004-12-13,diesel,85.98,47.1,17.5
2004-12-13,petrol,82.73,47.1,17.5
2004-12-20,diesel,85.17,47.1,17.5
2004-12-20,petrol,81.46,47.1,17.5
2004-12-27,diesel,85.14,47.1,17.5
2004-12-27,petrol,81.2,47.1,17.5
2005-01-03,diesel,85.12,47.1,17.5
2005-01-03,petrol,81.17,47.1,17.5
2005-01-10,diesel,84.87,47.1,17.5
2005-01-10,petrol,79.84,47.1,17.5
2005-01-17,diesel,83.94,47.1,17.5
2005-01-17,petrol,78.93,47.1,17.5
2005-01-24,diesel,83.87,47.1,17.5
2005-01-24,petrol,78.93,47.1,17.5
2005-01-31,diesel,84.23,47.1,17.5
2005-01-31,petrol,79.54,47.1,17.5
2005-02-07,diesel,84.27,47.1,17.5
2005-02-07,petrol,79.84,47.1,17.5
2005-02-14,diesel,84.32,47.1,17.5
2005-02-14,petrol,80.03,47.1,17.5
2005-02-21,diesel,84.36,47.1,17.5
2005-02-21,petrol,80.15,47.1,17.5
2005-02-28,diesel,84.65,47.1,17.5
2005-02-28,petrol,80.45,47.1,17.5
2005-03-07,diesel,85.64,47.1,17.5
2005-03-07,petrol,81.16,47.1,17.5
2005-03-14,diesel,86.11,47.1,17.5
2005-03-14,petrol,81.64,47.1,17.5
2005-03-21,diesel,87.06,47.1,17.5
2005-03-21,petrol,82.7,47.1,17.5
2005-03-28,diesel,87.68,47.1,17.5
2005-03-28,petrol,83.4,47.1,17.5
2005-04-04,diesel,88.3,47.1,17.5
2005-04-04,petrol,83.91,47.1,17.5
2005-04-11,diesel,89.82,47.1,17.5
2005-04-11,petrol,85.61,47.1,17.5
2005-04-18,diesel,89.8,47.1,17.5
2005-04-18,petrol,85.63,47.1,17.5
2005-04-25,diesel,89.62,47.1,17.5
2005-04-25,petrol,85.51,47.1,17.5
2005-05-02,diesel,89.3,47.1,17.5
2005-05-02,petrol,85.44,47.1,17.5
2005-05-09,diesel,89.46,47.1,17.5
2005-05-09,petrol,85.36,47.1,17.5
2005-05-16,diesel,89.4,47.1,17.5
2005-05-16,petrol,85.27,47.1,17.5
2005-05-23,diesel,89.0,47.1,17.5
2005-05-23,petrol,84.77,47.1,17.5
2005-05-30,diesel,88.39,47.1,17.5
2005-05-30,petrol,84.18,47.1,17.5
2005-06-06,diesel,88.23,47.1,17.5
2005-06-06,petrol,84.01,47.1,17.5
2005-06-13,diesel,88.96,47.1,17.5
2005-06-13,petrol,84.99,47.1,17.5
2005-06-20,diesel,89.54,47.1,17.5
2005-06-20,petrol,85.52,47.1,17.5
2005-06-27,diesel,90.27,47.1,17.5
2005-06-27,petrol,86.73,47.1,17.5
2005-07-04,diesel,91.0,47.1,17.5
2005-07-04,petrol,87.49,47.1,17.5
2005-07-11,diesel,91.89,47.1,17.5
2005-07-11,petrol,87.73,47.1,17.5
2005-07-18,diesel,92.67,47.1,17.5
2005-07-18,petrol,88.55,47.1,17.5
2005-07-25,diesel,93.03,47.1,17.5
2005-07-25,petrol,89.0,47.1,17.5
2005-08-01,diesel,93.26,47.1,17.5
2005-08-01,petrol,89.25,47.1,17.5
2005-08-08,diesel,93.63,47.1,17.5
2005-08-08,petrol,89.67,47.1,17.5
2005-08-15,diesel,94.5,47.1,17.5
2005-08-15,petrol,90.56,47.1,17.5
2005-08-22,diesel,94.68,47.1,17.5
2005-08-22,petrol,90.77,47.1,17.5
2005-08-29,diesel,95.33,47.1,17.5
2005-08-29,petrol,91.42,47.1,17.5
2005-09-05,diesel,97.19,47.1,17.5
2005-09-05,petrol,94.37,47.1,17.5
2005-09-12,diesel,97.89,47.1,17.5
2005-09-12,petrol,95.07,47.1,17.5
2005-09-19,diesel,97.32,47.1,17.5
2005-09-19,petrol,94.41,47.1,17.5
2005-09-26,diesel,96.27,47.1,17.5
2005-09-26,petrol,93.33,47.1,17.5
2005-10-03,diesel,96.61,47.1,17.5
2005-10-03,petrol,93.51,47.1,17.5
2005-10-10,diesel,97.05,47.1,17.5
2005-10-10,petrol,94.25,47.1,17.5
2005-10-17,diesel,97.0,47.1,17.5
2005-10-17,petrol,94.14,47.1,17.5
2005-10-24,diesel,96.8,47.1,17.5
2005-10-24,petrol,93.47,47.1,17.5
2005-10-31,diesel,96.57,47.1,17.5
2005-10-31,petrol,92.79,47.1,17.5
2005-11-07,diesel,96.59,47.1,17.5
2005-11-07,petrol,92.47,47.1,17.5
2005-11-14,diesel,94.92,47.1,17.5
2005-11-14,petrol,90.53,47.1,17.5
2005-11-21,diesel,93.22,47.1,17.5
2005-11-21,petrol,88.61,47.1,17.5
2005-11-28,diesel,91.8,47.1,17.5
2005-11-28,petrol,87.35,47.1,17.5
2005-12-05,diesel,91.8,47.1,17.5
2005-12-05,petrol,87.35,47.1,17.5
2005-12-12,diesel,91.48,47.1,17.5
2005-12-12,petrol,87.2,47.1,17.5
2005-12-19,diesel,91.83,47.1,17.5
2005-12-19,petrol,87.56,47.1,17.5
2005-12-26,diesel,92.12,47.1,17.5
2005-12-26,petrol,87.88,47.1,17.5
2006-01-02,diesel,92.27,47.1,17.5
2006-01-02,petrol,88.03,47.1,17.5
2006-01-09,diesel,92.94,47.1,17.5
2006-01-09,petrol,88.56,47.1,17.5
2006-01-16,diesel,93.19,47.1,17.5
2006-01-16,petrol,89.01,47.1,17.5
2006-01-23,diesel,93.62,47.1,17.5
2006-01-23,petrol,89.55,47.1,17.5
2006-01-30,diesel,93.93,47.1,17.5
2006-01-30,petrol,89.88,47.1,17.5
2006-02-06,diesel,93.85,47.1,17.5
2006-02-06,petrol,89.73,47.1,17.5
2006-02-13,diesel,93.77,47.1,17.5
2006-02-13,petrol,89.65,47.1,17.5
2006-02-20,diesel,93.75,47.1,17.5
2006-02-20,petrol,89.6,47.1,17.5
2006-02-27,diesel,93.69,47.1,17.5
2006-02-27,petrol,89.51,47.1,17.5
2006-03-06,diesel,93.63,47.1,17.5
2006-03-06,petrol,89.37,47.1,17.5
2006-03-13,diesel,93.85,47.1,17.5
2006-03-13,petrol,89.55,47.1,17.5
2006-03-20,diesel,94.42,47.1,17.5
2006-03-20,petrol,90.19,47.1,17.5
2006-03-27,diesel,94.95,47.1,17.5
2006-03-27,petrol,91.16,47.1,17.5
2006-04-03,diesel,95.64,47.1,17.5
2006-04-03,petrol,91.78,47.1,17.5
2006-04-10,diesel,96.4,47.1,17.5
2006-04-10,petrol,92.77,47.1,17.5
2006-04-18,diesel,97.64,47.1,17.5
2006-04-18,petrol,94.23,47.1,17.5
2006-04-24,diesel,98.5,47.1,17.5
2006-04-24,petrol,95.35,47.1,17.5
2006-05-01,diesel,98.9,47.1,17.5
2006-05-01,petrol,96.13,47.1,17.5
2006-05-08,diesel,98.9,47.1,17.5
2006-05-08,petrol,96.46,47.1,17.5
2006-05-15,diesel,98.74,47.1,17.5
2006-05-15,petrol,96.39,47.1,17.5
2006-05-22,diesel,98.5,47.1,17.5
2006-05-22,petrol,96.1,47.1,17.5
2006-05-29,diesel,97.69,47.1,17.5
2006-05-29,petrol,95.36,47.1,17.5
2006-06-05,diesel,97.55,47.1,17.5
2006-06-05,petrol,95.24,47.1,17.5
2006-06-12,diesel,97.75,47.1,17.5
2006-06-12,petrol,95.49,47.1,17.5
2006-06-19,diesel,97.77,47.1,17.5
2006-06-19,petrol,95.44,47.1,17.5
2006-06-26,diesel,97.36,47.1,17.5
2006-06-26,petrol,94.97,47.1,17.5
2006-07-03,diesel,97.6,47.1,17.5
2006-07-03,petrol,95.27,47.1,17.5
2006-07-10,diesel,97.99,47.1,17.5
2006-07-10,petrol,95.69,47.1,17.5
2006-07-17,diesel,98.74,47.1,17.5
2006-07-17,petrol,96.88,47.1,17.5
2006-07-24,diesel,99.41,47.1,17.5
2006-07-24,petrol,97.78,47.1,17.5
2006-07-31,diesel,99.41,47.1,17.5
2006-07-31,petrol,97.83,47.1,17.5
2006-08-07,diesel,99.57,47.1,17.5
2006-08-07,petrol,98.05,47.1,17.5
2006-08-14,diesel,99.45,47.1,17.5
2006-08-14,petrol,97.82,47.1,17.5
2006-08-21,diesel,97.93,47.1,17.5
2006-08-21,petrol,95.74,47.1,17.5
2006-08-28,diesel,96.67,47.1,17.5
2006-08-28,petrol,94.4,47.1,17.5
2006-09-04,diesel,95.92,47.1,17.5
2006-09-04,petrol,92.88,47.1,17.5
2006-09-11,diesel,95.34,47.1,17.5
2006-09-11,petrol,91.48,47.1,17.5
2006-09-18,diesel,94.95,47.1,17.5
2006-09-18,petrol,89.78,47.1,17.5
2006-09-25,diesel,93.51,47.1,17.5
2006-09-25,petrol,88.2,47.1,17.5
2006-10-02,diesel,92.13,47.1,17.5
2006-10-02,petrol,86.95,47.1,17.5
2006-10-09,diesel,91.74,47.1,17.5
2006-10-09,petrol,86.6,47.1,17.5
2006-10-16,diesel,91.59,47.1,17.5
2006-10-16,petrol,85.91,47.1,17.5
2006-10-23,diesel,91.22,47.1,17.5
2006-10-23,petrol,85.74,47.1,17.5
2006-10-30,diesel,91.17,47.1,17.5
2006-10-30,petrol,85.6,47.1,17.5
2006-11-06,diesel,91.12,47.1,17.5
2006-11-06,petrol,85.54,47.1,17.5
2006-11-13,diesel,91.15,47.1,17.5
2006-11-13,petrol,85.49,47.1,17.5
2006-11-20,diesel,91.17,47.1,17.5
2006-11-20,petrol,85.45,47.1,17.5
2006-11-27,diesel,91.17,47.1,17.5
2006-11-27,petrol,85.47,47.1,17.5
2006-12-04,diesel,91.5,47.1,17.5
2006-12-04,petrol,85.46,47.1,17.5
2006-12-11,diesel,92.96,48.35,17.5
2006-12-11,petrol,87.44,48.35,17.5
2006-12-18,diesel,93.26,48.35,17.5
2006-12-18,petrol,87.7,48.35,17.5
2006-12-25,diesel,93.41,48.35,17.5
2006-12-25,petrol,87.9,48.35,17.5
2007-01-01,diesel,93.4,48.35,17.5
2007-01-01,petrol,87.85,48.35,17.5
2007-01-08,diesel,93.11,48.35,17.5
2007-01-08,petrol,87.66,48.35,17.5
2007-01-15,diesel,91.55,48.35,17.5
2007-01-15,petrol,87.1,48.35,17.5
2007-01-22,diesel,90.45,48.35,17.5
2007-01-22,petrol,86.28,48.35,17.5
2007-01-29,diesel,89.7,48.35,17.5
2007-01-29,petrol,85.66,48.35,17.5
2007-02-05,diesel,89.63,48.35,17.5
2007-02-05,petrol,85.62,48.35,17.5
2007-02-12,diesel,90.11,48.35,17.5
2007-02-12,petrol,86.12,48.35,17.5
2007-02-19,diesel,90.55,48.35,17.5
2007-02-19,petrol,86.6,48.35,17.5
2007-02-26,diesel,91.02,48.35,17.5
2007-02-26,petrol,87.07,48.35,17.5
2007-03-05,diesel,91.59,48.35,17.5
2007-03-05,petrol,87.74,48.35,17.5
2007-03-12,diesel,92.17,48.35,17.5
2007-03-12,petrol,88.48,48.35,17.5
2007-03-19,diesel,92.61,48.35,17.5
2007-03-19,petrol,88.93,48.35,17.5
2007-03-26,diesel,92.91,48.35,17.5
2007-03-26,petrol,89.32,48.35,17.5
2007-04-02,diesel,93.9,48.35,17.5
2007-04-02,petrol,90.47,48.35,17.5
2007-04-10,diesel,94.33,48.35,17.5
2007-04-10,petrol,91.18,48.35,17.5
2007-04-16,diesel,94.86,48.35,17.5
2007-04-16,petrol,91.99,48.35,17.5
2007-04-23,diesel,95.39,48.35,17.5
2007-04-23,petrol,92.93,48.35,17.5
2007-04-30,diesel,95.71,48.35,17.5
2007-04-30,petrol,93.45,48.35,17.5
2007-05-07,diesel,96.12,48.35,17.5
2007-05-07,petrol,94.43,48.35,17.5
2007-05-14,diesel,96.47,48.35,17.5
2007-05-14,petrol,95.07,48.35,17.5
2007-05-21,diesel,96.69,48.35,17.5
2007-05-21,petrol,95.71,48.35,17.5
2007-05-28,diesel,96.99,48.35,17.5
2007-05-28,petrol,96.16,48.35,17.5
2007-06-04,diesel,97.19,48.35,17.5
2007-06-04,petrol,96.51,48.35,17.5
2007-06-11,diesel,97.2,48.35,17.5
2007-06-11,petrol,96.61,48.35,17.5
2007-06-18,diesel,97.11,48.35,17.5
2007-06-18,petrol,96.56,48.35,17.5
2007-06-25,diesel,97.12,48.35,17.5
2007-06-25,petrol,96.54,48.35,17.5
2007-07-02,diesel,96.89,48.35,17.5
2007-07-02,petrol,96.36,48.35,17.5
2007-07-09,diesel,96.78,48.35,17.5
2007-07-09,petrol,96.2,48.35,17.5
2007-07-16,diesel,96.79,48.35,17.5
2007-07-16,petrol,96.21,48.35,17.5
2007-07-23,diesel,96.83,48.35,17.5
2007-07-23,petrol,96.23,48.35,17.5
2007-07-30,diesel,96.77,48.35,17.5
2007-07-30,petrol,96.2,48.35,17.5
2007-08-06,diesel,96.72,48.35,17.5
2007-08-06,petrol,96.15,48.35,17.5
2007-08-13,diesel,96.7,48.35,17.5
2007-08-13,petrol,96.0,48.35,17.5
2007-08-20,diesel,96.59,48.35,17.5
2007-08-20,petrol,95.31,48.35,17.5
2007-08-27,diesel,96.37,48.35,17.5
2007-08-27,petrol,95.0,48.35,17.5
2007-09-03,diesel,96.37,48.35,17.5
2007-09-03,petrol,94.8,48.35,17.5
2007-09-10,diesel,96.34,48.35,17.5
2007-09-10,petrol,94.63,48.35,17.5
2007-09-17,diesel,96.45,48.35,17.5
2007-09-17,petrol,94.65,48.35,17.5
2007-09-24,diesel,96.9,48.35,17.5
2007-09-24,petrol,94.91,48.35,17.5
2007-10-01,diesel,98.51,50.35,17.5
2007-10-01,petrol,96.39,50.35,17.5
2007-10-08,diesel,99.1,50.35,17.5
2007-10-08,petrol,97.14,50.35,17.5
2007-10-15,diesel,99.18,50.35,17.5
2007-10-15,petrol,97.19,50.35,17.5
2007-10-22,diesel,99.89,50.35,17.5
2007-10-22,petrol,97.81,50.35,17.5
2007-10-29,diesel,100.69,50.35,17.5
2007-10-29,petrol,98.26,50.35,17.5
2007-11-05,diesel,102.16,50.35,17.5
2007-11-05,petrol,99.36,50.35,17.5
2007-11-12,diesel,104.17,50.35,17.5
2007-11-12,petrol,100.74,50.35,17.5
2007-11-19,diesel,105.28,50.35,17.5
2007-11-19,petrol,101.47,50.35,17.5
2007-11-26,diesel,106.25,50.35,17.5
2007-11-26,petrol,102.13,50.35,17.5
2007-12-03,diesel,107.19,50.35,17.5
2007-12-03,petrol,102.58,50.35,17.5
2007-12-10,diesel,107.47,50.35,17.5
2007-12-10,petrol,102.67,50.35,17.5
2007-12-17,diesel,107.56,50.35,17.5
2007-12-17,petrol,102.6,50.35,17.5
2007-12-24,diesel,107.5,50.35,17.5
2007-12-24,petrol,102.53,50.35,17.5
2007-12-31,diesel,107.61,50.35,17.5
2007-12-31,petrol,102.66,50.35,17.5
2008-01-07,diesel,108.29,50.35,17.5
2008-01-07,petrol,103.37,50.35,17.5
2008-01-14,diesel,108.77,50.35,17.5
2008-01-14,petrol,103.82,50.35,17.5
2008-01-21,diesel,109.09,50.35,17.5
2008-01-21,petrol,104.22,50.35,17.5
2008-01-28,diesel,109.11,50.35,17.5
2008-01-28,petrol,104.22,50.35,17.5
2008-02-04,diesel,108.99,50.35,17.5
2008-02-04,petrol,104.03,50.35,17.5
2008-02-11,diesel,108.86,50.35,17.5
2008-02-11,petrol,103.67,50.35,17.5
2008-02-18,diesel,108.99,50.35,17.5
2008-02-18,petrol,103.7,50.35,17.5
2008-02-25,diesel,110.21,50.35,17.5
2008-02-25,petrol,104.65,50.35,17.5
2008-03-03,diesel,110.9,50.35,17.5
2008-03-03,petrol,105.24,50.35,17.5
2008-03-10,diesel,112.23,50.35,17.5
2008-03-10,petrol,105.96,50.35,17.5
2008-03-17,diesel,113.08,50.35,17.5
2008-03-17,petrol,106.41,50.35,17.5
2008-03-24,diesel,114.4,50.35,17.5
2008-03-24,petrol,106.9,50.35,17.5
2008-03-31,diesel,114.79,50.35,17.5
2008-03-31,petrol,107.1,50.35,17.5
2008-04-07,diesel,115.47,50.35,17.5
2008-04-07,petrol,107.24,50.35,17.5
2008-04-14,diesel,116.51,50.35,17.5
2008-04-14,petrol,107.61,50.35,17.5
2008-04-21,diesel,118.06,50.35,17.5
2008-04-21,petrol,108.57,50.35,17.5
2008-04-28,diesel,119.1,50.35,17.5
2008-04-28,petrol,109.5,50.35,17.5
2008-05-05,diesel,120.37,50.35,17.5
2008-05-05,petrol,110.3,50.35,17.5
2008-05-12,diesel,121.49,50.35,17.5
2008-05-12,petrol,111.04,50.35,17.5
2008-05-19,diesel,124.5,50.35,17.5
2008-05-19,petrol,112.96,50.35,17.5
2008-05-26,diesel,127.21,50.35,17.5
2008-05-26,petrol,114.79,50.35,17.5
2008-06-02,diesel,128.82,50.35,17.5
2008-06-02,petrol,116.03,50.35,17.5
2008-06-09,diesel,129.68,50.35,17.5
2008-06-09,petrol,116.86,50.35,17.5
2008-06-16,diesel,130.66,50.35,17.5
2008-06-16,petrol,117.69,50.35,17.5
2008-06-23,diesel,131.45,50.35,17.5
2008-06-23,petrol,118.44,50.35,17.5
2008-06-30,diesel,132.03,50.35,17.5
2008-06-30,petrol,118.84,50.35,17.5
2008-07-07,diesel,132.55,50.35,17.5
2008-07-07,petrol,119.28,50.35,17.5
2008-07-14,diesel,132.87,50.35,17.5
2008-07-14,petrol,119.44,50.35,17.5
2008-07-21,diesel,132.89,50.35,17.5
2008-07-21,petrol,119.4,50.35,17.5
2008-07-28,diesel,130.71,50.35,17.5
2008-07-28,petrol,116.91,50.35,17.5
2008-08-04,diesel,128.19,50.35,17.5
2008-08-04,petrol,115.06,50.35,17.5
2008-08-11,diesel,126.2,50.35,17.5
2008-08-11,petrol,113.92,50.35,17.5
2008-08-18,diesel,124.1,50.35,17.5
2008-08-18,petrol,112.22,50.35,17.5
2008-08-25,diesel,123.74,50.35,17.5
2008-08-25,petrol,112.02,50.35,17.5
2008-09-01,diesel,123.89,50.35,17.5
2008-09-01,petrol,112.2,50.35,17.5
2008-09-08,diesel,124.2,50.35,17.5
2008-09-08,petrol,112.55,50.35,17.5
2008-09-15,diesel,124.14,50.35,17.5
2008-09-15,petrol,112.51,50.35,17.5
2008-09-22,diesel,122.61,50.35,17.5
2008-09-22,petrol,110.81,50.35,17.5
2008-09-29,diesel,121.65,50.35,17.5
2008-09-29,petrol,109.85,50.35,17.5
2008-10-06,diesel,121.14,50.35,17.5
2008-10-06,petrol,109.45,50.35,17.5
2008-10-13,diesel,118.42,50.35,17.5
2008-10-13,petrol,107.04,50.35,17.5
2008-10-20,diesel,114.31,50.35,17.5
2008-10-20,petrol,102.66,50.35,17.5
2008-10-27,diesel,111.01,50.35,17.5
2008-10-27,petrol,98.62,50.35,17.5
2008-11-03,diesel,109.87,50.35,17.5
2008-11-03,petrol,97.4,50.35,17.5
2008-11-10,diesel,109.13,50.35,17.5
2008-11-10,petrol,95.89,50.35,17.5
2008-11-17,diesel,108.73,50.35,17.5
2008-11-17,petrol,94.83,50.35,17.5
2008-11-24,diesel,107.78,50.35,17.5
2008-11-24,petrol,92.79,50.35,17.5
2008-12-01,diesel,106.56,52.35,15.0
2008-12-01,petrol,91.47,52.35,15.0
2008-12-08,diesel,104.87,52.35,15.0
2008-12-08,petrol,90.16,52.35,15.0
2008-12-15,diesel,101.24,52.35,15.0
2008-12-15,petrol,89.07,52.35,15.0
2008-12-22,diesel,99.94,52.35,15.0
2008-12-22,petrol,88.01,52.35,15.0
2008-12-29,diesel,99.17,52.35,15.0
2008-12-29,petrol,87.34,52.35,15.0
2009-01-05,diesel,97.57,52.35,15.0
2009-01-05,petrol,85.42,52.35,15.0
2009-01-12,diesel,98.32,52.35,15.0
2009-01-12,petrol,86.02,52.35,15.0
2009-01-19,diesel,98.45,52.35,15.0
2009-01-19,petrol,86.19,52.35,15.0
2009-01-26,diesel,99.39,52.35,15.0
2009-01-26,petrol,87.42,52.35,15.0
2009-02-02,diesel,99.82,52.35,15.0
2009-02-02,petrol,88.16,52.35,15.0
2009-02-09,diesel,100.31,52.35,15.0
2009-02-09,petrol,89.28,52.35,15.0
2009-02-16,diesel,100.86,52.35,15.0
2009-02-16,petrol,90.12,52.35,15.0
2009-02-23,diesel,100.81,52.35,15.0
2009-02-23,petrol,90.33,52.35,15.0
2009-03-02,diesel,100.64,52.35,15.0
2009-03-02,petrol,90.28,52.35,15.0
2009-03-09,diesel,100.03,52.35,15.0
2009-03-09,petrol,90.15,52.35,15.0
2009-03-16,diesel,100.0,52.35,15.0
2009-03-16,petrol,90.16,52.35,15.0
2009-03-23,diesel,99.52,52.35,15.0
2009-03-23,petrol,90.16,52.35,15.0
2009-03-30,diesel,99.98,52.35,15.0
2009-03-30,petrol,91.35,52.35,15.0
2009-04-06,diesel,102.14,54.19,15.0
2009-04-06,petrol,93.72,54.19,15.0
2009-04-13,diesel,102.44,54.19,15.0
2009-04-13,petrol,94.11,54.19,15.0
2009-04-20,diesel,102.71,54.19,15.0
2009-04-20,petrol,94.62,54.19,15.0
2009-04-27,diesel,102.83,54.19,15.0
2009-04-27,petrol,95.13,54.19,15.0
2009-05-04,diesel,102.8,54.19,15.0
2009-05-04,petrol,95.6,54.19,15.0
2009-05-11,diesel,103.1,54.19,15.0
2009-05-11,petrol,96.59,54.19,15.0
2009-05-18,diesel,103.37,54.19,15.0
2009-05-18,petrol,97.54,54.19,15.0
2009-05-25,diesel,103.55,54.19,15.0
2009-05-25,petrol,98.9,54.19,15.0
2009-06-01,diesel,103.55,54.19,15.0
2009-06-01,petrol,99.39,54.19,15.0
2009-06-08,diesel,103.78,54.19,15.0
2009-06-08,petrol,100.59,54.19,15.0
2009-06-15,diesel,104.5,54.19,15.0
2009-06-15,petrol,101.98,54.19,15.0
2009-06-22,diesel,104.92,54.19,15.0
2009-06-22,petrol,102.81,54.19,15.0
2009-06-29,diesel,105.05,54.19,15.0
2009-06-29,petrol,103.3,54.19,15.0
2009-07-06,diesel,105.11,54.19,15.0
2009-07-06,petrol,103.57,54.19,15.0
2009-07-13,diesel,104.04,54.19,15.0
2009-07-13,petrol,102.78,54.19,15.0
2009-07-20,diesel,102.99,54.19,15.0
2009-07-20,petrol,102.22,54.19,15.0
2009-07-27,diesel,102.91,54.19,15.0
2009-07-27,petrol,102.17,54.19,15.0
2009-08-03,diesel,103.2,54.19,15.0
2009-08-03,petrol,102.36,54.19,15.0
2009-08-10,diesel,103.79,54.19,15.0
2009-08-10,petrol,103.01,54.19,15.0
2009-08-17,diesel,104.45,54.19,15.0
2009-08-17,petrol,103.96,54.19,15.0
2009-08-24,diesel,105.11,54.19,15.0
2009-08-24,petrol,104.7,54.19,15.0
2009-08-31,diesel,105.5,54.19,15.0
2009-08-31,petrol,105.11,54.19,15.0
2009-09-07,diesel,107.3,56.19,15.0
2009-09-07,petrol,106.85,56.19,15.0
2009-09-14,diesel,107.09,56.19,15.0
2009-09-14,petrol,106.43,56.19,15.0
2009-09-21,diesel,106.79,56.19,15.0
2009-09-21,petrol,105.96,56.19,15.0
2009-09-28,diesel,106.39,56.19,15.0
2009-09-28,petrol,105.44,56.19,15.0
2009-10-05,diesel,105.85,56.19,15.0
2009-10-05,petrol,104.87,56.19,15.0
2009-10-12,diesel,105.69,56.19,15.0
2009-10-12,petrol,104.71,56.19,15.0
2009-10-19,diesel,106.28,56.19,15.0
2009-10-19,petrol,105.08,56.19,15.0
2009-10-26,diesel,107.78,56.19,15.0
2009-10-26,petrol,106.76,56.19,15.0
2009-11-02,diesel,108.51,56.19,15.0
2009-11-02,petrol,107.43,56.19,15.0
2009-11-09,diesel,109.35,56.19,15.0
2009-11-09,petrol,108.1,56.19,15.0
2009-11-16,diesel,109.65,56.19,15.0
2009-11-16,petrol,108.48,56.19,15.0
2009-11-23,diesel,109.87,56.19,15.0
2009-11-23,petrol,108.73,56.19,15.0
2009-11-30,diesel,109.99,56.19,15.0
2009-11-30,petrol,108.79,56.19,15.0
2009-12-07,diesel,109.87,56.19,15.0
2009-12-07,petrol,108.64,56.19,15.0
2009-12-14,diesel,109.57,56.19,15.0
2009-12-14,petrol,108.5,56.19,15.0
2009-12-21,diesel,109.13,56.19,15.0
2009-12-21,petrol,107.47,56.19,15.0
2009-12-28,diesel,109.17,56.19,15.0
2009-12-28,petrol,107.44,56.19,15.0
2010-01-04,diesel,111.08,56.19,17.5
2010-01-04,petrol,109.34,56.19,17.5
2010-01-11,diesel,112.59,56.19,17.5
2010-01-11,petrol,110.72,56.19,17.5
2010-01-18,diesel,113.39,56.19,17.5
2010-01-18,petrol,111.6,56.19,17.5
2010-01-25,diesel,113.71,56.19,17.5
2010-01-25,petrol,111.87,56.19,17.5
2010-02-01,diesel,113.75,56.19,17.5
2010-02-01,petrol,111.91,56.19,17.5
2010-02-08,diesel,113.79,56.19,17.5
2010-02-08,petrol,111.95,56.19,17.5
2010-02-15,diesel,113.68,56.19,17.5
2010-02-15,petrol,111.89,56.19,17.5
2010-02-22,diesel,112.76,56.19,17.5
2010-02-22,petrol,111.56,56.19,17.5
2010-03-01,diesel,113.41,56.19,17.5
2010-03-01,petrol,112.42,56.19,17.5
2010-03-08,diesel,114.68,56.19,17.5
2010-03-08,petrol,113.71,56.19,17.5
2010-03-15,diesel,116.21,56.19,17.5
2010-03-15,petrol,115.46,56.19,17.5
2010-03-22,diesel,117.28,56.19,17.5
2010-03-22,petrol,116.59,56.19,17.5
2010-03-29,diesel,118.21,56.19,17.5
2010-03-29,petrol,117.28,56.19,17.5
2010-04-05,diesel,120.09,57.19,17.5
2010-04-05,petrol,119.29,57.19,17.5
2010-04-12,diesel,121.11,57.19,17.5
2010-04-12,petrol,119.94,57.19,17.5
2010-04-19,diesel,121.74,57.19,17.5
2010-04-19,petrol,120.55,57.19,17.5
2010-04-26,diesel,122.31,57.19,17.5
2010-04-26,petrol,120.99,57.19,17.5
2010-05-03,diesel,122.68,57.19,17.5
2010-05-03,petrol,121.18,57.19,17.5
2010-05-10,diesel,122.82,57.19,17.5
2010-05-10,petrol,121.31,57.19,17.5
2010-05-17,diesel,122.83,57.19,17.5
2010-05-17,petrol,121.3,57.19,17.5
2010-05-24,diesel,121.92,57.19,17.5
2010-05-24,petrol,119.93,57.19,17.5
2010-05-31,diesel,120.76,57.19,17.5
2010-05-31,petrol,118.54,57.19,17.5
2010-06-07,diesel,120.4,57.19,17.5
2010-06-07,petrol,118.2,57.19,17.5
2010-06-14,diesel,120.21,57.19,17.5
2010-06-14,petrol,117.87,57.19,17.5
2010-06-21,diesel,120.39,57.19,17.5
2010-06-21,petrol,117.8,57.19,17.5
2010-06-28,diesel,120.38,57.19,17.5
2010-06-28,petrol,117.88,57.19,17.5
2010-07-05,diesel,120.44,57.19,17.5
2010-07-05,petrol,117.91,57.19,17.5
2010-07-12,diesel,119.78,57.19,17.5
2010-07-12,petrol,117.39,57.19,17.5
2010-07-19,diesel,119.24,57.19,17.5
2010-07-19,petrol,116.85,57.19,17.5
2010-07-26,diesel,119.03,57.19,17.5
2010-07-26,petrol,116.61,57.19,17.5
2010-08-02,diesel,119.03,57.19,17.5
2010-08-02,petrol,116.51,57.19,17.5
2010-08-09,diesel,118.94,57.19,17.5
2010-08-09,petrol,116.35,57.19,17.5
2010-08-16,diesel,118.79,57.19,17.5
2010-08-16,petrol,116.34,57.19,17.5
2010-08-23,diesel,117.9,57.19,17.5
2010-08-23,petrol,115.64,57.19,17.5
2010-08-30,diesel,117.37,57.19,17.5
2010-08-30,petrol,114.98,57.19,17.5
2010-09-06,diesel,117.09,57.19,17.5
2010-09-06,petrol,114.59,57.19,17.5
2010-09-13,diesel,117.17,57.19,17.5
2010-09-13,petrol,114.66,57.19,17.5
2010-09-20,diesel,117.72,57.19,17.5
2010-09-20,petrol,115.06,57.19,17.5
2010-09-27,diesel,118.11,57.19,17.5
2010-09-27,petrol,115.39,57.19,17.5
2010-10-04,diesel,118.97,58.19,17.5
2010-10-04,petrol,116.01,58.19,17.5
2010-10-11,diesel,119.77,58.19,17.5
2010-10-11,petrol,116.78,58.19,17.5
2010-10-18,diesel,120.6,58.19,17.5
2010-10-18,petrol,117.28,58.19,17.5
2010-10-25,diesel,121.17,58.19,17.5
2010-10-25,petrol,117.74,58.19,17.5
2010-11-01,diesel,121.66,58.19,17.5
2010-11-01,petrol,118.18,58.19,17.5
2010-11-08,diesel,122.19,58.19,17.5
2010-11-08,petrol,118.67,58.19,17.5
2010-11-15,diesel,122.51,58.19,17.5
2010-11-15,petrol,118.8,58.19,17.5
2010-11-22,diesel,122.74,58.19,17.5
2010-11-22,petrol,118.99,58.19,17.5
2010-11-29,diesel,123.2,58.19,17.5
2010-11-29,petrol,119.21,58.19,17.5
2010-12-06,diesel,124.62,58.19,17.5
2010-12-06,petrol,120.54,58.19,17.5
2010-12-13,diesel,125.77,58.19,17.5
2010-12-13,petrol,121.68,58.19,17.5
2010-12-20,diesel,126.52,58.19,17.5
2010-12-20,petrol,122.31,58.19,17.5
2010-12-27,diesel,127.68,58.19,17.5
2010-12-27,petrol,123.44,58.19,17.5
2011-01-03,diesel,129.11,58.95,17.5
2011-01-03,petrol,124.85,58.95,17.5
2011-01-10,diesel,131.6,58.95,20.0
2011-01-10,petrol,127.4,58.95,20.0
2011-01-17,diesel,132.33,58.95,20.0
2011-01-17,petrol,127.87,58.95,20.0
2011-01-24,diesel,133.0,58.95,20.0
2011-01-24,petrol,128.35,58.95,20.0
2011-01-31,diesel,133.25,58.95,20.0
2011-01-31,petrol,128.55,58.95,20.0
2011-02-07,diesel,133.47,58.95,20.0
2011-02-07,petrol,128.64,58.95,20.0
2011-02-14,diesel,133.71,58.95,20.0
2011-02-14,petrol,128.73,58.95,20.0
2011-02-21,diesel,134.04,58.95,20.0
2011-02-21,petrol,128.92,58.95,20.0
2011-02-28,diesel,135.06,58.95,20.0
2011-02-28,petrol,129.72,58.95,20.0
2011-03-07,diesel,136.9,58.95,20.0
2011-03-07,petrol,131.28,58.95,20.0
2011-03-14,diesel,138.25,58.95,20.0
2011-03-14,petrol,132.18,58.95,20.0
2011-03-21,diesel,139.53,58.95,20.0
2011-03-21,petrol,133.11,58.95,20.0
2011-03-28,diesel,139.04,57.95,20.0
2011-03-28,petrol,132.44,57.95,20.0
2011-04-04,diesel,139.46,57.95,20.0
2011-04-04,petrol,132.81,57.95,20.0
2011-04-11,diesel,140.33,57.95,20.0
2011-04-11,petrol,133.68,57.95,20.0
2011-04-18,diesel,141.34,57.95,20.0
2011-04-18,petrol,135.06,57.95,20.0
2011-04-25,diesel,142.11,57.95,20.0
2011-04-25,petrol,135.62,57.95,20.0
2011-05-02,diesel,142.53,57.95,20.0
2011-05-02,petrol,136.29,57.95,20.0
2011-05-09,diesel,143.06,57.95,20.0
2011-05-09,petrol,137.05,57.95,20.0
2011-05-16,diesel,141.5,57.95,20.0
2011-05-16,petrol,136.4,57.95,20.0
2011-05-23,diesel,140.77,57.95,20.0
2011-05-23,petrol,136.11,57.95,20.0
2011-05-30,diesel,139.81,57.95,20.0
2011-05-30,petrol,135.57,57.95,20.0
2011-06-06,diesel,139.58,57.95,20.0
2011-06-06,petrol,135.62,57.95,20.0
2011-06-13,diesel,139.77,57.95,20.0
2011-06-13,petrol,135.86,57.95,20.0
2011-06-20,diesel,140.05,57.95,20.0
2011-06-20,petrol,136.03,57.95,20.0
2011-06-27,diesel,138.77,57.95,20.0
2011-06-27,petrol,134.86,57.95,20.0
2011-07-04,diesel,137.7,57.95,20.0
2011-07-04,petrol,133.43,57.95,20.0
2011-07-11,diesel,138.4,57.95,20.0
2011-07-11,petrol,134.18,57.95,20.0
2011-07-18,diesel,139.36,57.95,20.0
2011-07-18,petrol,134.97,57.95,20.0
2011-07-25,diesel,139.95,57.95,20.0
2011-07-25,petrol,135.66,57.95,20.0
2011-08-01,diesel,140.55,57.95,20.0
2011-08-01,petrol,136.07,57.95,20.0
2011-08-08,diesel,140.84,57.95,20.0
2011-08-08,petrol,136.46,57.95,20.0
2011-08-15,diesel,140.36,57.95,20.0
2011-08-15,petrol,135.95,57.95,20.0
2011-08-22,diesel,139.04,57.95,20.0
2011-08-22,petrol,134.56,57.95,20.0
2011-08-29,diesel,138.72,57.95,20.0
2011-08-29,petrol,134.32,57.95,20.0
2011-09-05,diesel,138.96,57.95,20.0
2011-09-05,petrol,134.62,57.95,20.0
2011-09-12,diesel,139.4,57.95,20.0
2011-09-12,petrol,135.0,57.95,20.0
2011-09-19,diesel,139.86,57.95,20.0
2011-09-19,petrol,135.4,57.95,20.0
2011-09-26,diesel,140.14,57.95,20.0
2011-09-26,petrol,135.65,57.95,20.0
2011-10-03,diesel,139.77,57.95,20.0
2011-10-03,petrol,135.02,57.95,20.0
2011-10-10,diesel,139.52,57.95,20.0
2011-10-10,petrol,134.47,57.95,20.0
2011-10-17,diesel,139.73,57.95,20.0
2011-10-17,petrol,134.49,57.95,20.0
2011-10-24,diesel,140.19,57.95,20.0
2011-10-24,petrol,134.66,57.95,20.0
2011-10-31,diesel,140.27,57.95,20.0
2011-10-31,petrol,134.73,57.95,20.0
2011-11-07,diesel,140.42,57.95,20.0
2011-11-07,petrol,134.41,57.95,20.0
2011-11-14,diesel,140.53,57.95,20.0
2011-11-14,petrol,133.68,57.95,20.0
2011-11-21,diesel,141.06,57.95,20.0
2011-11-21,petrol,133.38,57.95,20.0
2011-11-28,diesel,141.1,57.95,20.0
2011-11-28,petrol,133.17,57.95,20.0
2011-12-05,diesel,140.99,57.95,20.0
2011-12-05,petrol,132.78,57.95,20.0
2011-12-12,diesel,140.95,57.95,20.0
2011-12-12,petrol,132.53,57.95,20.0
2011-12-19,diesel,140.93,57.95,20.0
2011-12-19,petrol,132.49,57.95,20.0
2011-12-26,diesel,140.77,57.95,20.0
2011-12-26,petrol,132.41,57.95,20.0
2012-01-02,diesel,140.84,57.95,20.0
2012-01-02,petrol,132.4,57.95,20.0
2012-01-09,diesel,141.0,57.95,20.0
2012-01-09,petrol,132.68,57.95,20.0
2012-01-16,diesel,141.69,57.95,20.0
2012-01-16,petrol,133.29,57.95,20.0
2012-01-23,diesel,142.06,57.95,20.0
2012-01-23,petrol,133.72,57.95,20.0
2012-01-30,diesel,142.45,57.95,20.0
2012-01-30,petrol,134.1,57.95,20.0
2012-02-06,diesel,142.24,57.95,20.0
2012-02-06,petrol,134.25,57.95,20.0
2012-02-13,diesel,142.83,57.95,20.0
2012-02-13,petrol,134.9,57.95,20.0
2012-02-20,diesel,143.15,57.95,20.0
2012-02-20,petrol,135.21,57.95,20.0
2012-02-27,diesel,143.92,57.95,20.0
2012-02-27,petrol,136.21,57.95,20.0
2012-03-05,diesel,144.71,57.95,20.0
2012-03-05,petrol,137.3,57.95,20.0
2012-03-12,diesel,145.15,57.95,20.0
2012-03-12,petrol,137.9,57.95,20.0
2012-03-19,diesel,146.16,57.95,20.0
2012-03-19,petrol,138.96,57.95,20.0
2012-03-26,diesel,146.56,57.95,20.0
2012-03-26,petrol,139.48,57.95,20.0
2012-04-02,diesel,147.68,57.95,20.0
2012-04-02,petrol,140.99,57.95,20.0
2012-04-09,diesel,148.0,57.95,20.0
2012-04-09,petrol,141.97,57.95,20.0
2012-04-16,diesel,148.04,57.95,20.0
2012-04-16,petrol,142.17,57.95,20.0
2012-04-23,diesel,147.96,57.95,20.0
2012-04-23,petrol,141.76,57.95,20.0
2012-04-30,diesel,147.05,57.95,20.0
2012-04-30,petrol,141.0,57.95,20.0
2012-05-07,diesel,146.4,57.95,20.0
2012-05-07,petrol,140.14,57.95,20.0
2012-05-14,diesel,144.52,57.95,20.0
2012-05-14,petrol,138.29,57.95,20.0
2012-05-21,diesel,141.75,57.95,20.0
2012-05-21,petrol,135.77,57.95,20.0
2012-05-28,diesel,140.49,57.95,20.0
2012-05-28,petrol,134.37,57.95,20.0
2012-06-04,diesel,139.96,57.95,20.0
2012-06-04,petrol,134.06,57.95,20.0
2012-06-11,diesel,139.58,57.95,20.0
2012-06-11,petrol,133.67,57.95,20.0
2012-06-18,diesel,137.71,57.95,20.0
2012-06-18,petrol,131.99,57.95,20.0
2012-06-25,diesel,137.2,57.95,20.0
2012-06-25,petrol,131.55,57.95,20.0
2012-07-02,diesel,135.91,57.95,20.0
2012-07-02,petrol,130.5,57.95,20.0
2012-07-09,diesel,136.44,57.95,20.0
2012-07-09,petrol,131.06,57.95,20.0
2012-07-16,diesel,136.85,57.95,20.0
2012-07-16,petrol,131.49,57.95,20.0
2012-07-23,diesel,137.72,57.95,20.0
2012-07-23,petrol,132.21,57.95,20.0
2012-07-30,diesel,138.25,57.95,20.0
2012-07-30,petrol,132.78,57.95,20.0
2012-08-06,diesel,138.79,57.95,20.0
2012-08-06,petrol,133.39,57.95,20.0
2012-08-13,diesel,139.46,57.95,20.0
2012-08-13,petrol,134.27,57.95,20.0
2012-08-20,diesel,140.79,57.95,20.0
2012-08-20,petrol,135.72,57.95,20.0
2012-08-27,diesel,142.17,57.95,20.0
2012-08-27,petrol,137.1,57.95,20.0
2012-09-03,diesel,142.87,57.95,20.0
2012-09-03,petrol,138.03,57.95,20.0
2012-09-10,diesel,143.66,57.95,20.0
2012-09-10,petrol,138.91,57.95,20.0
2012-09-17,diesel,144.18,57.95,20.0
2012-09-17,petrol,139.42,57.95,20.0
2012-09-24,diesel,144.36,57.95,20.0
2012-09-24,petrol,139.54,57.95,20.0
2012-10-01,diesel,143.28,57.95,20.0
2012-10-01,petrol,138.43,57.95,20.0
2012-10-08,diesel,143.05,57.95,20.0
2012-10-08,petrol,138.24,57.95,20.0
2012-10-15,diesel,143.23,57.95,20.0
2012-10-15,petrol,138.35,57.95,20.0
2012-10-22,diesel,143.23,57.95,20.0
2012-10-22,petrol,138.29,57.95,20.0
2012-10-29,diesel,143.0,57.95,20.0
2012-10-29,petrol,136.98,57.95,20.0
2012-11-05,diesel,142.75,57.95,20.0
2012-11-05,petrol,136.43,57.95,20.0
2012-11-12,diesel,141.74,57.95,20.0
2012-11-12,petrol,135.09,57.95,20.0
2012-11-19,diesel,141.33,57.95,20.0
2012-11-19,petrol,134.56,57.95,20.0
2012-11-26,diesel,141.13,57.95,20.0
2012-11-26,petrol,134.38,57.95,20.0
2012-12-03,diesel,140.91,57.95,20.0
2012-12-03,petrol,133.05,57.95,20.0
2012-12-10,diesel,140.76,57.95,20.0
2012-12-10,petrol,132.55,57.95,20.0
2012-12-17,diesel,140.08,57.95,20.0
2012-12-17,petrol,131.98,57.95,20.0
2012-12-24,diesel,139.84,57.95,20.0
2012-12-24,petrol,131.95,57.95,20.0
2012-12-31,diesel,139.81,57.95,20.0
2012-12-31,petrol,131.92,57.95,20.0
2013-01-07,diesel,139.75,57.95,20.0
2013-01-07,petrol,131.86,57.95,20.0
2013-01-14,diesel,139.68,57.95,20.0
2013-01-14,petrol,132.0,57.95,20.0
2013-01-21,diesel,139.95,57.95,20.0
2013-01-21,petrol,132.21,57.95,20.0
2013-01-28,diesel,140.77,57.95,20.0
2013-01-28,petrol,132.95,57.95,20.0
2013-02-04,diesel,141.91,57.95,20.0
2013-02-04,petrol,134.38,57.95,20.0
2013-02-11,diesel,143.03,57.95,20.0
2013-02-11,petrol,135.56,57.95,20.0
2013-02-18,diesel,144.17,57.95,20.0
2013-02-18,petrol,136.86,57.95,20.0
2013-02-25,diesel,145.55,57.95,20.0
2013-02-25,petrol,138.5,57.95,20.0
2013-03-04,diesel,146.34,57.95,20.0
2013-03-04,petrol,139.47,57.95,20.0
2013-03-11,diesel,146.71,57.95,20.0
2013-03-11,petrol,140.0,57.95,20.0
2013-03-18,diesel,144.84,57.95,20.0
2013-03-18,petrol,137.58,57.95,20.0
2013-03-25,diesel,144.33,57.95,20.0
2013-03-25,petrol,137.09,57.95,20.0
2013-04-01,diesel,143.51,57.95,20.0
2013-04-01,petrol,137.3,57.95,20.0
2013-04-08,diesel,143.13,57.95,20.0
2013-04-08,petrol,137.31,57.95,20.0
2013-04-15,diesel,141.67,57.95,20.0
2013-04-15,petrol,137.11,57.95,20.0
2013-04-22,diesel,140.64,57.95,20.0
2013-04-22,petrol,135.68,57.95,20.0
2013-04-29,diesel,139.59,57.95,20.0
2013-04-29,petrol,134.66,57.95,20.0
2013-05-06,diesel,138.54,57.95,20.0
2013-05-06,petrol,133.42,57.95,20.0
2013-05-13,diesel,138.27,57.95,20.0
2013-05-13,petrol,133.12,57.95,20.0
2013-05-20,diesel,138.42,57.95,20.0
2013-05-20,petrol,133.17,57.95,20.0
2013-05-27,diesel,138.82,57.95,20.0
2013-05-27,petrol,133.64,57.95,20.0
2013-06-03,diesel,139.17,57.95,20.0
2013-06-03,petrol,134.04,57.95,20.0
2013-06-10,diesel,139.43,57.95,20.0
2013-06-10,petrol,134.3,57.95,20.0
2013-06-17,diesel,139.54,57.95,20.0
2013-06-17,petrol,134.46,57.95,20.0
2013-06-24,diesel,139.64,57.95,20.0
2013-06-24,petrol,134.52,57.95,20.0
2013-07-01,diesel,138.51,57.95,20.0
2013-07-01,petrol,133.44,57.95,20.0
2013-07-08,diesel,138.73,57.95,20.0
2013-07-08,petrol,133.77,57.95,20.0
2013-07-15,diesel,139.84,57.95,20.0
2013-07-15,petrol,134.95,57.95,20.0
2013-07-22,diesel,140.72,57.95,20.0
2013-07-22,petrol,136.04,57.95,20.0
2013-07-29,diesel,141.44,57.95,20.0
2013-07-29,petrol,136.87,57.95,20.0
2013-08-05,diesel,141.67,57.95,20.0
2013-08-05,petrol,137.02,57.95,20.0
2013-08-12,diesel,141.82,57.95,20.0
2013-08-12,petrol,137.13,57.95,20.0
2013-08-19,diesel,141.73,57.95,20.0
2013-08-19,petrol,137.0,57.95,20.0
2013-08-28,diesel,141.78,57.95,20.0
2013-08-28,petrol,136.83,57.95,20.0
2013-09-02,diesel,142.09,57.95,20.0
2013-09-02,petrol,137.14,57.95,20.0
2013-09-09,diesel,142.67,57.95,20.0
2013-09-09,petrol,137.6,57.95,20.0
2013-09-16,diesel,142.52,57.95,20.0
2013-09-16,petrol,137.47,57.95,20.0
2013-09-23,diesel,142.09,57.95,20.0
2013-09-23,petrol,136.95,57.95,20.0
2013-09-30,diesel,140.19,57.95,20.0
2013-09-30,petrol,133.4,57.95,20.0
2013-10-07,diesel,138.83,57.95,20.0
2013-10-07,petrol,131.62,57.95,20.0
2013-10-14,diesel,139.15,57.95,20.0
2013-10-14,petrol,131.67,57.95,20.0
2013-10-21,diesel,138.99,57.95,20.0
2013-10-21,petrol,131.53,57.95,20.0
2013-10-28,diesel,138.88,57.95,20.0
2013-10-28,petrol,131.42,57.95,20.0
2013-11-04,diesel,137.51,57.95,20.0
2013-11-04,petrol,129.92,57.95,20.0
2013-11-11,diesel,137.32,57.95,20.0
2013-11-11,petrol,129.71,57.95,20.0
2013-11-18,diesel,137.47,57.95,20.0
2013-11-18,petrol,129.89,57.95,20.0
2013-11-25,diesel,137.72,57.95,20.0
2013-11-25,petrol,130.03,57.95,20.0
2013-12-02,diesel,137.9,57.95,20.0
2013-12-02,petrol,130.25,57.95,20.0
2013-12-09,diesel,138.55,57.95,20.0
2013-12-09,petrol,130.76,57.95,20.0
2013-12-16,diesel,138.84,57.95,20.0
2013-12-16,petrol,130.96,57.95,20.0
2013-12-23,diesel,138.17,57.95,20.0
2013-12-23,petrol,130.05,57.95,20.0
2013-12-30,diesel,137.98,57.95,20.0
2013-12-30,petrol,130.03,57.95,20.0
2014-01-06,diesel,138.11,57.95,20.0
2014-01-06,petrol,130.26,57.95,20.0
2014-01-13,diesel,138.34,57.95,20.0
2014-01-13,petrol,130.36,57.95,20.0
2014-01-20,diesel,137.23,57.95,20.0
2014-01-20,petrol,129.37,57.95,20.0
2014-01-27,diesel,136.94,57.95,20.0
2014-01-27,petrol,129.02,57.95,20.0
2014-02-03,diesel,136.84,57.95,20.0
2014-02-03,petrol,128.85,57.95,20.0
2014-02-10,diesel,136.84,57.95,20.0
2014-02-10,petrol,128.81,57.95,20.0
2014-02-17,diesel,136.81,57.95,20.0
2014-02-17,petrol,129.16,57.95,20.0
2014-02-24,diesel,136.95,57.95,20.0
2014-02-24,petrol,129.2,57.95,20.0
2014-03-03,diesel,137.15,57.95,20.0
2014-03-03,petrol,129.36,57.95,20.0
2014-03-10,diesel,137.08,57.95,20.0
2014-03-10,petrol,129.39,57.95,20.0
2014-03-17,diesel,136.27,57.95,20.0
2014-03-17,petrol,128.76,57.95,20.0
2014-03-24,diesel,136.0,57.95,20.0
2014-03-24,petrol,128.57,57.95,20.0
2014-03-31,diesel,135.89,57.95,20.0
2014-03-31,petrol,128.76,57.95,20.0
2014-04-07,diesel,136.01,57.95,20.0
2014-04-07,petrol,128.71,57.95,20.0
2014-04-14,diesel,136.05,57.95,20.0
2014-04-14,petrol,128.89,57.95,20.0
2014-04-21,diesel,136.12,57.95,20.0
2014-04-21,petrol,129.11,57.95,20.0
2014-04-28,diesel,135.93,57.95,20.0
2014-04-28,petrol,129.09,57.95,20.0
2014-05-05,diesel,136.16,57.95,20.0
2014-05-05,petrol,129.27,57.95,20.0
2014-05-12,diesel,136.37,57.95,20.0
2014-05-12,petrol,129.5,57.95,20.0
2014-05-19,diesel,136.17,57.95,20.0
2014-05-19,petrol,129.42,57.95,20.0
2014-05-26,diesel,136.36,57.95,20.0
2014-05-26,petrol,129.51,57.95,20.0
2014-06-02,diesel,136.38,57.95,20.0
2014-06-02,petrol,129.63,57.95,20.0
2014-06-09,diesel,136.04,57.95,20.0
2014-06-09,petrol,129.69,57.95,20.0
2014-06-16,diesel,135.54,57.95,20.0
2014-06-16,petrol,129.88,57.95,20.0
2014-06-23,diesel,135.5,57.95,20.0
2014-06-23,petrol,130.14,57.95,20.0
2014-06-30,diesel,136.04,57.95,20.0
2014-06-30,petrol,130.69,57.95,20.0
2014-07-07,diesel,136.22,57.95,20.0
2014-07-07,petrol,131.1,57.95,20.0
2014-07-14,diesel,136.17,57.95,20.0
2014-07-14,petrol,131.11,57.95,20.0
2014-07-21,diesel,135.69,57.95,20.0
2014-07-21,petrol,131.04,57.95,20.0
2014-07-28,diesel,135.5,57.95,20.0
2014-07-28,petrol,130.83,57.95,20.0
2014-08-04,diesel,134.31,57.95,20.0
2014-08-04,petrol,129.63,57.95,20.0
2014-08-11,diesel,133.85,57.95,20.0
2014-08-11,petrol,129.41,57.95,20.0
2014-08-18,diesel,133.74,57.95,20.0
2014-08-18,petrol,129.29,57.95,20.0
2014-08-25,diesel,133.16,57.95,20.0
2014-08-25,petrol,128.34,57.95,20.0
2014-09-01,diesel,132.77,57.95,20.0
2014-09-01,petrol,128.01,57.95,20.0
2014-09-08,diesel,133.09,57.95,20.0
2014-09-08,petrol,128.34,57.95,20.0
2014-09-15,diesel,133.13,57.95,20.0
2014-09-15,petrol,128.43,57.95,20.0
2014-09-22,diesel,133.32,57.95,20.0
2014-09-22,petrol,128.62,57.95,20.0
2014-09-29,diesel,133.23,57.95,20.0
2014-09-29,petrol,128.59,57.95,20.0
2014-10-06,diesel,131.43,57.95,20.0
2014-10-06,petrol,126.78,57.95,20.0
2014-10-13,diesel,131.08,57.95,20.0
2014-10-13,petrol,126.5,57.95,20.0
2014-10-20,diesel,130.0,57.95,20.0
2014-10-20,petrol,125.4,57.95,20.0
2014-10-27,diesel,129.72,57.95,20.0
2014-10-27,petrol,125.11,57.95,20.0
2014-11-03,diesel,128.56,57.95,20.0
2014-11-03,petrol,123.94,57.95,20.0
2014-11-10,diesel,127.59,57.95,20.0
2014-11-10,petrol,122.94,57.95,20.0
2014-11-17,diesel,127.31,57.95,20.0
2014-11-17,petrol,122.5,57.95,20.0
2014-11-24,diesel,127.17,57.95,20.0
2014-11-24,petrol,122.29,57.95,20.0
2014-12-01,diesel,126.11,57.95,20.0
2014-12-01,petrol,121.18,57.95,20.0
2014-12-08,diesel,124.79,57.95,20.0
2014-12-08,petrol,119.83,57.95,20.0
2014-12-15,diesel,122.43,57.95,20.0
2014-12-15,petrol,116.3,57.95,20.0
2014-12-22,diesel,120.81,57.95,20.0
2014-12-22,petrol,113.66,57.95,20.0
2014-12-29,diesel,120.36,57.95,20.0
2014-12-29,petrol,113.16,57.95,20.0
2015-01-05,diesel,117.93,57.95,20.0
2015-01-05,petrol,111.06,57.95,20.0
2015-01-12,diesel,116.22,57.95,20.0
2015-01-12,petrol,108.87,57.95,20.0
2015-01-19,diesel,114.33,57.95,20.0
2015-01-19,petrol,106.83,57.95,20.0
2015-01-26,diesel,113.76,57.95,20.0
2015-01-26,petrol,106.32,57.95,20.0
2015-02-02,diesel,113.61,57.95,20.0
2015-02-02,petrol,106.04,57.95,20.0
2015-02-09,diesel,113.91,57.95,20.0
2015-02-09,petrol,106.35,57.95,20.0
2015-02-16,diesel,114.73,57.95,20.0
2015-02-16,petrol,107.26,57.95,20.0
2015-02-23,diesel,115.74,57.95,20.0
2015-02-23,petrol,108.34,57.95,20.0
2015-03-02,diesel,116.64,57.95,20.0
2015-03-02,petrol,109.2,57.95,20.0
2015-03-09,diesel,117.51,57.95,20.0
2015-03-09,petrol,110.07,57.95,20.0
2015-03-16,diesel,118.26,57.95,20.0
2015-03-16,petrol,111.04,57.95,20.0
2015-03-23,diesel,118.71,57.95,20.0
2015-03-23,petrol,111.65,57.95,20.0
2015-03-30,diesel,118.97,57.95,20.0
2015-03-30,petrol,112.06,57.95,20.0
2015-04-06,diesel,119.09,57.95,20.0
2015-04-06,petrol,112.37,57.95,20.0
2015-04-13,diesel,119.15,57.95,20.0
2015-04-13,petrol,112.52,57.95,20.0
2015-04-20,diesel,119.14,57.95,20.0
2015-04-20,petrol,112.87,57.95,20.0
2015-04-27,diesel,119.58,57.95,20.0
2015-04-27,petrol,113.55,57.95,20.0
2015-05-04,diesel,120.0,57.95,20.0
2015-05-04,petrol,114.27,57.95,20.0
2015-05-11,diesel,120.59,57.95,20.0
2015-05-11,petrol,115.1,57.95,20.0
2015-05-18,diesel,121.04,57.95,20.0
2015-05-18,petrol,115.74,57.95,20.0
2015-05-25,diesel,121.32,57.95,20.0
2015-05-25,petrol,116.02,57.95,20.0
2015-06-01,diesel,121.3,57.95,20.0
2015-06-01,petrol,116.13,57.95,20.0
2015-06-08,diesel,121.34,57.95,20.0
2015-06-08,petrol,116.26,57.95,20.0
2015-06-15,diesel,121.3,57.95,20.0
2015-06-15,petrol,116.39,57.95,20.0
2015-06-22,diesel,121.21,57.95,20.0
2015-06-22,petrol,116.6,57.95,20.0
2015-06-29,diesel,120.99,57.95,20.0
2015-06-29,petrol,116.55,57.95,20.0
2015-07-06,diesel,120.76,57.95,20.0
2015-07-06,petrol,116.34,57.95,20.0
2015-07-13,diesel,118.83,57.95,20.0
2015-07-13,petrol,116.41,57.95,20.0
2015-07-20,diesel,118.43,57.95,20.0
2015-07-20,petrol,116.79,57.95,20.0
2015-07-27,diesel,116.95,57.95,20.0
2015-07-27,petrol,116.44,57.95,20.0
2015-08-03,diesel,115.17,57.95,20.0
2015-08-03,petrol,116.12,57.95,20.0
2015-08-10,diesel,114.2,57.95,20.0
2015-08-10,petrol,115.48,57.95,20.0
2015-08-17,diesel,112.05,57.95,20.0
2015-08-17,petrol,114.58,57.95,20.0
2015-08-24,diesel,111.05,57.95,20.0
2015-08-24,petrol,113.23,57.95,20.0
2015-08-31,diesel,109.92,57.95,20.0
2015-08-31,petrol,111.21,57.95,20.0
2015-09-07,diesel,109.78,57.95,20.0
2015-09-07,petrol,110.9,57.95,20.0
2015-09-14,diesel,109.95,57.95,20.0
2015-09-14,petrol,110.6,57.95,20.0
2015-09-21,diesel,110.52,57.95,20.0
2015-09-21,petrol,110.61,57.95,20.0
2015-09-28,diesel,110.45,57.95,20.0
2015-09-28,petrol,109.47,57.95,20.0
2015-10-05,diesel,110.57,57.95,20.0
2015-10-05,petrol,108.94,57.95,20.0
2015-10-12,diesel,110.78,57.95,20.0
2015-10-12,petrol,108.97,57.95,20.0
2015-10-19,diesel,111.17,57.95,20.0
2015-10-19,petrol,109.01,57.95,20.0
2015-10-26,diesel,110.61,57.95,20.0
2015-10-26,petrol,108.04,57.95,20.0
2015-11-02,diesel,110.14,57.95,20.0
2015-11-02,petrol,107.21,57.95,20.0
2015-11-09,diesel,110.08,57.95,20.0
2015-11-09,petrol,107.14,57.95,20.0
2015-11-16,diesel,110.32,57.95,20.0
2015-11-16,petrol,107.36,57.95,20.0
2015-11-23,diesel,110.27,57.95,20.0
2015-11-23,petrol,107.29,57.95,20.0
2015-11-30,diesel,110.01,57.95,20.0
2015-11-30,petrol,106.97,57.95,20.0
2015-12-07,diesel,109.92,57.95,20.0
2015-12-07,petrol,106.75,57.95,20.0
2015-12-14,diesel,108.07,57.95,20.0
2015-12-14,petrol,104.0,57.95,20.0
2015-12-21,diesel,107.04,57.95,20.0
2015-12-21,petrol,102.33,57.95,20.0
2015-12-28,diesel,106.43,57.95,20.0
2015-12-28,petrol,102.11,57.95,20.0
2016-01-04,diesel,106.32,57.95,20.0
2016-01-04,petrol,102.0,57.95,20.0
2016-01-11,diesel,103.41,57.95,20.0
2016-01-11,petrol,101.89,57.95,20.0
2016-01-18,diesel,102.81,57.95,20.0
2016-01-18,petrol,101.8,57.95,20.0
2016-01-25,diesel,101.54,57.95,20.0
2016-01-25,petrol,101.42,57.95,20.0
2016-02-01,diesel,100.84,57.95,20.0
2016-02-01,petrol,101.36,57.95,20.0
2016-02-08,diesel,101.14,57.95,20.0
2016-02-08,petrol,101.51,57.95,20.0
2016-02-15,diesel,101.21,57.95,20.0
2016-02-15,petrol,101.45,57.95,20.0
2016-02-22,diesel,101.13,57.95,20.0
2016-02-22,petrol,101.39,57.95,20.0
2016-02-29,diesel,101.38,57.95,20.0
2016-02-29,petrol,101.42,57.95,20.0
2016-03-07,diesel,101.67,57.95,20.0
2016-03-07,petrol,101.46,57.95,20.0
2016-03-14,diesel,102.52,57.95,20.0
2016-03-14,petrol,101.71,57.95,20.0
2016-03-21,diesel,103.64,57.95,20.0
2016-03-21,petrol,102.58,57.95,20.0
2016-03-28,diesel,104.4,57.95,20.0
2016-03-28,petrol,103.4,57.95,20.0
2016-04-04,diesel,105.32,57.95,20.0
2016-04-04,petrol,104.51,57.95,20.0
2016-04-11,diesel,105.98,57.95,20.0
2016-04-11,petrol,105.39,57.95,20.0
2016-04-18,diesel,106.97,57.95,20.0
2016-04-18,petrol,106.41,57.95,20.0
2016-04-25,diesel,107.67,57.95,20.0
2016-04-25,petrol,107.14,57.95,20.0
2016-05-02,diesel,108.58,57.95,20.0
2016-05-02,petrol,107.82,57.95,20.0
2016-05-09,diesel,109.0,57.95,20.0
2016-05-09,petrol,108.19,57.95,20.0
2016-05-16,diesel,109.3,57.95,20.0
2016-05-16,petrol,108.53,57.95,20.0
2016-05-23,diesel,109.9,57.95,20.0
2016-05-23,petrol,109.12,57.95,20.0
2016-05-30,diesel,110.7,57.95,20.0
2016-05-30,petrol,109.79,57.95,20.0
2016-06-06,diesel,111.43,57.95,20.0
2016-06-06,petrol,110.4,57.95,20.0
2016-06-13,diesel,111.99,57.95,20.0
2016-06-13,petrol,111.03,57.95,20.0
2016-06-20,diesel,112.31,57.95,20.0
2016-06-20,petrol,111.22,57.95,20.0
2016-06-27,diesel,112.56,57.95,20.0
2016-06-27,petrol,111.44,57.95,20.0
2016-07-04,diesel,112.86,57.95,20.0
2016-07-04,petrol,111.65,57.95,20.0
2016-07-11,diesel,113.09,57.95,20.0
2016-07-11,petrol,111.89,57.95,20.0
2016-07-18,diesel,113.0,57.95,20.0
2016-07-18,petrol,111.92,57.95,20.0
2016-07-25,diesel,112.89,57.95,20.0
2016-07-25,petrol,111.69,57.95,20.0
2016-08-01,diesel,112.43,57.95,20.0
2016-08-01,petrol,111.05,57.95,20.0
2016-08-08,diesel,111.4,57.95,20.0
2016-08-08,petrol,109.75,57.95,20.0
2016-08-15,diesel,111.02,57.95,20.0
2016-08-15,petrol,109.28,57.95,20.0
2016-08-22,diesel,111.71,57.95,20.0
2016-08-22,petrol,109.63,57.95,20.0
2016-08-29,diesel,112.55,57.95,20.0
2016-08-29,petrol,110.43,57.95,20.0
2016-09-05,diesel,113.1,57.95,20.0
2016-09-05,petrol,110.97,57.95,20.0
2016-09-12,diesel,113.42,57.95,20.0
2016-09-12,petrol,111.31,57.95,20.0
2016-09-19,diesel,113.23,57.95,20.0
2016-09-19,petrol,111.29,57.95,20.0
2016-09-26,diesel,113.38,57.95,20.0
2016-09-26,petrol,111.36,57.95,20.0
2016-10-03,diesel,113.71,57.95,20.0
2016-10-03,petrol,111.65,57.95,20.0
2016-10-10,diesel,114.4,57.95,20.0
2016-10-10,petrol,112.35,57.95,20.0
2016-10-17,diesel,116.0,57.95,20.0
2016-10-17,petrol,113.72,57.95,20.0
2016-10-24,diesel,117.7,57.95,20.0
2016-10-24,petrol,115.2,57.95,20.0
2016-10-31,diesel,118.42,57.95,20.0
2016-10-31,petrol,116.02,57.95,20.0
2016-11-07,diesel,119.03,57.95,20.0
2016-11-07,petrol,116.56,57.95,20.0
2016-11-14,diesel,118.82,57.95,20.0
2016-11-14,petrol,116.5,57.95,20.0
2016-11-21,diesel,117.42,57.95,20.0
2016-11-21,petrol,114.71,57.95,20.0
2016-11-28,diesel,116.57,57.95,20.0
2016-11-28,petrol,113.72,57.95,20.0
2016-12-05,diesel,116.75,57.95,20.0
2016-12-05,petrol,113.66,57.95,20.0
2016-12-12,diesel,117.51,57.95,20.0
2016-12-12,petrol,114.23,57.95,20.0
2016-12-19,diesel,118.61,57.95,20.0
2016-12-19,petrol,115.0,57.95,20.0
2016-12-26,diesel,119.03,57.95,20.0
2016-12-26,petrol,115.45,57.95,20.0
2017-01-02,diesel,120.03,57.95,20.0
2017-01-02,petrol,117.0,57.95,20.0
2017-01-09,diesel,121.3,57.95,20.0
2017-01-09,petrol,117.98,57.95,20.0
2017-01-16,diesel,122.1,57.95,20.0
2017-01-16,petrol,118.63,57.95,20.0
2017-01-23,diesel,122.75,57.95,20.0
2017-01-23,petrol,119.43,57.95,20.0
2017-01-30,diesel,123.19,57.95,20.0
2017-01-30,petrol,120.01,57.95,20.0
2017-02-06,diesel,123.25,57.95,20.0
2017-02-06,petrol,120.18,57.95,20.0
2017-02-13,diesel,123.17,57.95,20.0
2017-02-13,petrol,120.15,57.95,20.0
2017-02-20,diesel,123.15,57.95,20.0
2017-02-20,petrol,120.2,57.95,20.0
2017-02-27,diesel,123.06,57.95,20.0
2017-02-27,petrol,120.12,57.95,20.0
2017-03-06,diesel,122.9,57.95,20.0
2017-03-06,petrol,120.02,57.95,20.0
2017-03-13,diesel,122.77,57.95,20.0
2017-03-13,petrol,119.8,57.95,20.0
2017-03-20,diesel,121.84,57.95,20.0
2017-03-20,petrol,118.95,57.95,20.0
2017-03-27,diesel,121.08,57.95,20.0
2017-03-27,petrol,118.03,57.95,20.0
2017-04-03,diesel,119.92,57.95,20.0
2017-04-03,petrol,116.93,57.95,20.0
2017-04-10,diesel,119.98,57.95,20.0
2017-04-10,petrol,117.02,57.95,20.0
2017-04-17,diesel,120.36,57.95,20.0
2017-04-17,petrol,117.54,57.95,20.0
2017-04-24,diesel,120.77,57.95,20.0
2017-04-24,petrol,118.15,57.95,20.0
2017-05-01,diesel,120.78,57.95,20.0
2017-05-01,petrol,118.08,57.95,20.0
2017-05-08,diesel,119.34,57.95,20.0
2017-05-08,petrol,117.06,57.95,20.0
2017-05-15,diesel,117.65,57.95,20.0
2017-05-15,petrol,115.6,57.95,20.0
2017-05-22,diesel,117.76,57.95,20.0
2017-05-22,petrol,115.67,57.95,20.0
2017-05-29,diesel,117.88,57.95,20.0
2017-05-29,petrol,115.79,57.95,20.0
2017-06-05,diesel,117.95,57.95,20.0
2017-06-05,petrol,115.82,57.95,20.0
2017-06-12,diesel,117.76,57.95,20.0
2017-06-12,petrol,115.69,57.95,20.0
2017-06-19,diesel,117.18,57.95,20.0
2017-06-19,petrol,115.12,57.95,20.0
2017-06-26,diesel,116.26,57.95,20.0
2017-06-26,petrol,114.43,57.95,20.0
2017-07-03,diesel,115.63,57.95,20.0
2017-07-03,petrol,113.74,57.95,20.0
2017-07-10,diesel,115.29,57.95,20.0
2017-07-10,petrol,113.58,57.95,20.0
2017-07-17,diesel,115.58,57.95,20.0
2017-07-17,petrol,113.89,57.95,20.0
2017-07-24,diesel,115.73,57.95,20.0
2017-07-24,petrol,113.99,57.95,20.0
2017-07-31,diesel,115.99,57.95,20.0
2017-07-31,petrol,114.16,57.95,20.0
2017-08-07,diesel,116.64,57.95,20.0
2017-08-07,petrol,114.78,57.95,20.0
2017-08-14,diesel,117.43,57.95,20.0
2017-08-14,petrol,115.53,57.95,20.0
2017-08-21,diesel,118.05,57.95,20.0
2017-08-21,petrol,116.04,57.95,20.0
2017-08-28,diesel,118.24,57.95,20.0
2017-08-28,petrol,116.4,57.95,20.0
2017-09-04,diesel,118.77,57.95,20.0
2017-09-04,petrol,116.95,57.95,20.0
2017-09-11,diesel,119.94,57.95,20.0
2017-09-11,petrol,118.14,57.95,20.0
2017-09-18,diesel,120.59,57.95,20.0
2017-09-18,petrol,118.85,57.95,20.0
2017-09-25,diesel,120.92,57.95,20.0
2017-09-25,petrol,118.87,57.95,20.0
2017-10-02,diesel,120.37,57.95,20.0
2017-10-02,petrol,118.13,57.95,20.0
2017-10-09,diesel,120.51,57.95,20.0
2017-10-09,petrol,117.16,57.95,20.0
2017-10-16,diesel,120.42,57.95,20.0
2017-10-16,petrol,117.01,57.95,20.0
2017-10-23,diesel,120.65,57.95,20.0
2017-10-23,petrol,117.04,57.95,20.0
2017-10-30,diesel,120.63,57.95,20.0
2017-10-30,petrol,117.06,57.95,20.0
2017-11-06,diesel,121.27,57.95,20.0
2017-11-06,petrol,117.57,57.95,20.0
2017-11-13,diesel,122.69,57.95,20.0
2017-11-13,petrol,118.91,57.95,20.0
2017-11-20,diesel,123.32,57.95,20.0
2017-11-20,petrol,119.67,57.95,20.0
2017-11-27,diesel,123.79,57.95,20.0
2017-11-27,petrol,120.13,57.95,20.0
2017-12-04,diesel,123.21,57.95,20.0
2017-12-04,petrol,119.75,57.95,20.0
2017-12-11,diesel,123.69,57.95,20.0
2017-12-11,petrol,119.91,57.95,20.0
2017-12-18,diesel,123.81,57.95,20.0
2017-12-18,petrol,119.98,57.95,20.0
2017-12-25,diesel,123.43,57.95,20.0
2017-12-25,petrol,120.0,57.95,20.0
2018-01-01,diesel,123.51,57.95,20.0
2018-01-01,petrol,120.19,57.95,20.0
2018-01-08,diesel,123.97,57.95,20.0
2018-01-08,petrol,120.52,57.95,20.0
2018-01-15,diesel,124.58,57.95,20.0
2018-01-15,petrol,120.96,57.95,20.0
2018-01-22,diesel,125.07,57.95,20.0
2018-01-22,petrol,121.5,57.95,20.0
2018-01-29,diesel,125.32,57.95,20.0
2018-01-29,petrol,121.69,57.95,20.0
2018-02-05,diesel,125.36,57.95,20.0
2018-02-05,petrol,121.73,57.95,20.0
2018-02-12,diesel,125.02,57.95,20.0
2018-02-12,petrol,121.58,57.95,20.0
2018-02-19,diesel,124.18,57.95,20.0
2018-02-19,petrol,120.52,57.95,20.0
2018-02-26,diesel,123.09,57.95,20.0
2018-02-26,petrol,119.55,57.95,20.0
2018-03-05,diesel,122.92,57.95,20.0
2018-03-05,petrol,119.29,57.95,20.0
2018-03-12,diesel,122.96,57.95,20.0
2018-03-12,petrol,119.11,57.95,20.0
2018-03-19,diesel,122.84,57.95,20.0
2018-03-19,petrol,119.17,57.95,20.0
2018-03-26,diesel,122.9,57.95,20.0
2018-03-26,petrol,119.23,57.95,20.0
2018-04-02,diesel,123.05,57.95,20.0
2018-04-02,petrol,119.43,57.95,20.0
2018-04-09,diesel,123.58,57.95,20.0
2018-04-09,petrol,119.96,57.95,20.0
2018-04-16,diesel,124.29,57.95,20.0
2018-04-16,petrol,120.56,57.95,20.0
2018-04-23,diesel,125.39,57.95,20.0
2018-04-23,petrol,121.44,57.95,20.0
2018-04-30,diesel,126.01,57.95,20.0
2018-04-30,petrol,122.22,57.95,20.0
2018-05-07,diesel,126.99,57.95,20.0
2018-05-07,petrol,123.27,57.95,20.0
2018-05-14,diesel,128.28,57.95,20.0
2018-05-14,petrol,124.32,57.95,20.0
2018-05-21,diesel,130.04,57.95,20.0
2018-05-21,petrol,125.93,57.95,20.0
2018-05-28,diesel,131.66,57.95,20.0
2018-05-28,petrol,127.58,57.95,20.0
2018-06-04,diesel,132.34,57.95,20.0
2018-06-04,petrol,128.43,57.95,20.0
2018-06-11,diesel,132.62,57.95,20.0
2018-06-11,petrol,128.61,57.95,20.0
2018-06-18,diesel,131.98,57.95,20.0
2018-06-18,petrol,127.92,57.95,20.0
2018-06-25,diesel,131.27,57.95,20.0
2018-06-25,petrol,127.18,57.95,20.0
2018-07-02,diesel,130.83,57.95,20.0
2018-07-02,petrol,126.54,57.95,20.0
2018-07-09,diesel,131.53,57.95,20.0
2018-07-09,petrol,126.97,57.95,20.0
2018-07-16,diesel,131.85,57.95,20.0
2018-07-16,petrol,127.47,57.95,20.0
2018-07-23,diesel,131.9,57.95,20.0
2018-07-23,petrol,127.5,57.95,20.0
2018-07-30,diesel,131.94,57.95,20.0
2018-07-30,petrol,127.54,57.95,20.0
2018-08-06,diesel,132.39,57.95,20.0
2018-08-06,petrol,128.02,57.95,20.0
2018-08-13,diesel,132.56,57.95,20.0
2018-08-13,petrol,128.39,57.95,20.0
2018-08-20,diesel,132.97,57.95,20.0
2018-08-20,petrol,128.79,57.95,20.0
2018-08-27,diesel,133.2,57.95,20.0
2018-08-27,petrol,129.18,57.95,20.0
2018-09-03,diesel,133.67,57.95,20.0
2018-09-03,petrol,129.76,57.95,20.0
2018-09-10,diesel,134.31,57.95,20.0
2018-09-10,petrol,130.24,57.95,20.0
2018-09-17,diesel,134.57,57.95,20.0
2018-09-17,petrol,130.59,57.95,20.0
2018-09-24,diesel,134.77,57.95,20.0
2018-09-24,petrol,130.59,57.95,20.0
2018-10-01,diesel,134.86,57.95,20.0
2018-10-01,petrol,129.98,57.95,20.0
2018-10-08,diesel,135.53,57.95,20.0
2018-10-08,petrol,130.15,57.95,20.0
2018-10-15,diesel,136.63,57.95,20.0
2018-10-15,petrol,130.81,57.95,20.0
2018-10-22,diesel,136.93,57.95,20.0
2018-10-22,petrol,130.98,57.95,20.0
2018-10-29,diesel,136.99,57.95,20.0
2018-10-29,petrol,130.64,57.95,20.0
2018-11-05,diesel,137.03,57.95,20.0
2018-11-05,petrol,130.11,57.95,20.0
2018-11-12,diesel,137.08,57.95,20.0
2018-11-12,petrol,128.94,57.95,20.0
2018-11-19,diesel,136.38,57.95,20.0
2018-11-19,petrol,127.4,57.95,20.0
2018-11-26,diesel,135.43,57.95,20.0
2018-11-26,petrol,125.77,57.95,20.0
2018-12-03,diesel,134.38,57.95,20.0
2018-12-03,petrol,124.3,57.95,20.0
2018-12-10,diesel,132.5,57.95,20.0
2018-12-10,petrol,122.37,57.95,20.0
2018-12-17,diesel,131.26,57.95,20.0
2018-12-17,petrol,121.02,57.95,20.0
2018-12-24,diesel,130.91,57.95,20.0
2018-12-24,petrol,120.61,57.95,20.0
2018-12-31,diesel,130.26,57.95,20.0
2018-12-31,petrol,120.18,57.95,20.0
2019-01-07,diesel,130.33,57.95,20.0
2019-01-07,petrol,120.27,57.95,20.0
2019-01-14,diesel,129.47,57.95,20.0
2019-01-14,petrol,119.53,57.95,20.0
2019-01-21,diesel,128.92,57.95,20.0
2019-01-21,petrol,119.12,57.95,20.0
2019-01-28,diesel,129.1,57.95,20.0
2019-01-28,petrol,119.29,57.95,20.0
2019-02-04,diesel,129.13,57.95,20.0
2019-02-04,petrol,119.13,57.95,20.0
2019-02-11,diesel,129.17,57.95,20.0
2019-02-11,petrol,118.97,57.95,20.0
2019-02-18,diesel,129.23,57.95,20.0
2019-02-18,petrol,119.05,57.95,20.0
2019-02-25,diesel,129.66,57.95,20.0
2019-02-25,petrol,119.22,57.95,20.0
2019-03-04,diesel,130.25,57.95,20.0
2019-03-04,petrol,119.72,57.95,20.0
2019-03-11,diesel,130.59,57.95,20.0
2019-03-11,petrol,120.1,57.95,20.0
2019-03-18,diesel,130.85,57.95,20.0
2019-03-18,petrol,120.48,57.95,20.0
2019-03-25,diesel,131.15,57.95,20.0
2019-03-25,petrol,120.83,57.95,20.0
2019-04-01,diesel,131.48,57.95,20.0
2019-04-01,petrol,121.7,57.95,20.0
2019-04-08,diesel,132.08,57.95,20.0
2019-04-08,petrol,122.75,57.95,20.0
2019-04-15,diesel,132.96,57.95,20.0
2019-04-15,petrol,124.06,57.95,20.0
2019-04-22,diesel,133.99,57.95,20.0
2019-04-22,petrol,125.43,57.95,20.0
2019-04-29,diesel,134.6,57.95,20.0
2019-04-29,petrol,126.36,57.95,20.0
2019-05-06,diesel,135.41,57.95,20.0
2019-05-06,petrol,127.5,57.95,20.0
2019-05-13,diesel,135.36,57.95,20.0
2019-05-13,petrol,127.97,57.95,20.0
2019-05-20,diesel,135.82,57.95,20.0
2019-05-20,petrol,128.51,57.95,20.0
2019-05-27,diesel,136.45,57.95,20.0
2019-05-27,petrol,129.14,57.95,20.0
2019-06-03,diesel,136.39,57.95,20.0
2019-06-03,petrol,129.41,57.95,20.0
2019-06-10,diesel,135.4,57.95,20.0
2019-06-10,petrol,128.89,57.95,20.0
2019-06-17,diesel,133.76,57.95,20.0
2019-06-17,petrol,127.66,57.95,20.0
2019-06-24,diesel,131.81,57.95,20.0
2019-06-24,petrol,126.66,57.95,20.0
2019-07-01,diesel,131.55,57.95,20.0
2019-07-01,petrol,126.49,57.95,20.0
2019-07-08,diesel,131.68,57.95,20.0
2019-07-08,petrol,126.86,57.95,20.0
2019-07-15,diesel,131.86,57.95,20.0
2019-07-15,petrol,127.13,57.95,20.0
2019-07-22,diesel,132.21,57.95,20.0
2019-07-22,petrol,127.81,57.95,20.0
2019-07-29,diesel,132.6,57.95,20.0
2019-07-29,petrol,128.03,57.95,20.0
2019-08-05,diesel,132.61,57.95,20.0
2019-08-05,petrol,128.37,57.95,20.0
2019-08-12,diesel,132.59,57.95,20.0
2019-08-12,petrol,128.36,57.95,20.0
2019-08-19,diesel,132.6,57.95,20.0
2019-08-19,petrol,128.17,57.95,20.0
2019-08-26,diesel,132.51,57.95,20.0
2019-08-26,petrol,128.22,57.95,20.0
2019-09-02,diesel,132.29,57.95,20.0
2019-09-02,petrol,127.86,57.95,20.0
2019-09-09,diesel,131.89,57.95,20.0
2019-09-09,petrol,127.79,57.95,20.0
2019-09-16,diesel,131.35,57.95,20.0
2019-09-16,petrol,126.92,57.95,20.0
2019-09-23,diesel,131.52,57.95,20.0
2019-09-23,petrol,126.78,57.95,20.0
2019-09-30,diesel,131.83,57.95,20.0
2019-09-30,petrol,126.92,57.95,20.0
2019-10-07,diesel,131.82,57.95,20.0
2019-10-07,petrol,126.87,57.95,20.0
2019-10-14,diesel,131.89,57.95,20.0
2019-10-14,petrol,126.91,57.95,20.0
2019-10-21,diesel,131.28,57.95,20.0
2019-10-21,petrol,126.4,57.95,20.0
2019-10-28,diesel,130.6,57.95,20.0
2019-10-28,petrol,125.77,57.95,20.0
2019-11-04,diesel,130.38,57.95,20.0
2019-11-04,petrol,125.56,57.95,20.0
2019-11-11,diesel,130.42,57.95,20.0
2019-11-11,petrol,125.59,57.95,20.0
2019-11-18,diesel,130.35,57.95,20.0
2019-11-18,petrol,125.58,57.95,20.0
2019-11-25,diesel,130.08,57.95,20.0
2019-11-25,petrol,125.32,57.95,20.0
2019-12-02,diesel,129.79,57.95,20.0
2019-12-02,petrol,124.81,57.95,20.0
2019-12-09,diesel,129.79,57.95,20.0
2019-12-09,petrol,124.75,57.95,20.0
2019-12-16,diesel,129.56,57.95,20.0
2019-12-16,petrol,124.33,57.95,20.0
2019-12-23,diesel,129.81,57.95,20.0
2019-12-23,petrol,124.16,57.95,20.0
2019-12-30,diesel,130.54,57.95,20.0
2019-12-30,petrol,124.96,57.95,20.0
2020-01-06,diesel,131.56,57.95,20.0
2020-01-06,petrol,126.09,57.95,20.0
2020-01-13,diesel,132.69,57.95,20.0
2020-01-13,petrol,127.17,57.95,20.0
2020-01-20,diesel,132.74,57.95,20.0
2020-01-20,petrol,127.18,57.95,20.0
2020-01-27,diesel,132.88,57.95,20.0
2020-01-27,petrol,127.33,57.95,20.0
2020-02-03,diesel,131.48,57.95,20.0
2020-02-03,petrol,125.85,57.95,20.0
2020-02-10,diesel,129.7,57.95,20.0
2020-02-10,petrol,124.73,57.95,20.0
2020-02-17,diesel,128.2,57.95,20.0
2020-02-17,petrol,123.8,57.95,20.0
2020-02-24,diesel,127.67,57.95,20.0
2020-02-24,petrol,123.45,57.95,20.0
2020-03-02,diesel,126.62,57.95,20.0
2020-03-02,petrol,122.43,57.95,20.0
2020-03-09,diesel,126.25,57.95,20.0
2020-03-09,petrol,122.24,57.95,20.0
2020-03-16,diesel,124.36,57.95,20.0
2020-03-16,petrol,120.33,57.95,20.0
2020-03-23,diesel,123.41,57.95,20.0
2020-03-23,petrol,119.64,57.95,20.0
2020-03-30,diesel,118.6,57.95,20.0
2020-03-30,petrol,112.45,57.95,20.0
2020-04-06,diesel,116.83,57.95,20.0
2020-04-06,petrol,110.23,57.95,20.0
2020-04-13,diesel,116.15,57.95,20.0
2020-04-13,petrol,109.27,57.95,20.0
2020-04-20,diesel,115.73,57.95,20.0
2020-04-20,petrol,108.63,57.95,20.0
2020-04-27,diesel,115.22,57.95,20.0
2020-04-27,petrol,107.88,57.95,20.0
2020-05-04,diesel,114.94,57.95,20.0
2020-05-04,petrol,107.56,57.95,20.0
2020-05-11,diesel,114.83,57.95,20.0
2020-05-11,petrol,107.45,57.95,20.0
2020-05-18,diesel,112.22,57.95,20.0
2020-05-18,petrol,105.09,57.95,20.0
2020-05-25,diesel,111.7,57.95,20.0
2020-05-25,petrol,104.87,57.95,20.0
2020-06-01,diesel,111.76,57.95,20.0
2020-06-01,petrol,105.17,57.95,20.0
2020-06-08,diesel,111.98,57.95,20.0
2020-06-08,petrol,105.74,57.95,20.0
2020-06-15,diesel,112.53,57.95,20.0
2020-06-15,petrol,106.37,57.95,20.0
2020-06-22,diesel,112.98,57.95,20.0
2020-06-22,petrol,107.13,57.95,20.0
2020-06-29,diesel,114.1,57.95,20.0
2020-06-29,petrol,108.31,57.95,20.0
2020-07-06,diesel,115.05,57.95,20.0
2020-07-06,petrol,109.43,57.95,20.0
2020-07-13,diesel,116.75,57.95,20.0
2020-07-13,petrol,111.24,57.95,20.0
2020-07-20,diesel,117.35,57.95,20.0
2020-07-20,petrol,112.23,57.95,20.0
2020-07-27,diesel,117.76,57.95,20.0
2020-07-27,petrol,112.66,57.95,20.0
2020-08-03,diesel,117.97,57.95,20.0
2020-08-03,petrol,112.91,57.95,20.0
2020-08-10,diesel,118.01,57.95,20.0
2020-08-10,petrol,113.02,57.95,20.0
2020-08-17,diesel,118.0,57.95,20.0
2020-08-17,petrol,113.04,57.95,20.0
2020-08-24,diesel,118.14,57.95,20.0
2020-08-24,petrol,113.22,57.95,20.0
2020-08-31,diesel,118.18,57.95,20.0
2020-08-31,petrol,113.29,57.95,20.0
2020-09-07,diesel,118.22,57.95,20.0
2020-09-07,petrol,113.37,57.95,20.0
2020-09-14,diesel,118.18,57.95,20.0
2020-09-14,petrol,113.32,57.95,20.0
2020-09-21,diesel,118.16,57.95,20.0
2020-09-21,petrol,113.31,57.95,20.0
2020-09-28,diesel,118.14,57.95,20.0
2020-09-28,petrol,113.3,57.95,20.0
2020-10-05,diesel,118.11,57.95,20.0
2020-10-05,petrol,113.26,57.95,20.0
2020-10-12,diesel,118.05,57.95,20.0
2020-10-12,petrol,113.19,57.95,20.0
2020-10-19,diesel,118.08,57.95,20.0
2020-10-19,petrol,113.18,57.95,20.0
2020-10-26,diesel,118.08,57.95,20.0
2020-10-26,petrol,113.14,57.95,20.0
2020-11-02,diesel,118.06,57.95,20.0
2020-11-02,petrol,113.11,57.95,20.0
